{
  "ETF_000": -0.12916199841736445,
  "ETF_001": 0.09464262375484815,
  "ETF_002": 0.08715485446273799,
  "ETF_003": 0.0317988042674604,
  "ETF_004": -0.6252176879449534,
  "ETF_005": 0.9269431132856095,
  "ETF_006": -0.03896303664690235,
  "ETF_007": 0.697365294344672,
  "ETF_008": 0.36979188986472306,
  "ETF_009": -0.7999604950887527,
  "ETF_010": 0.19658988573323405,
  "ETF_011": -0.1316812199945593,
  "ETF_012": 1.8780495737713492,
  "ETF_013": -0.22792193240598244,
  "ETF_014": 0.37729814120607913
}