{
  "sma_cross": {
    "optimized": true,
    "optimization_date": "2025-11-09 10:08:01",
    "optimization_period": null,
    "stock_pool": "全局稳健优化 (共20只标的)",
    "params": {
      "n1": 10,
      "n2": 20
    },
    "performance": {
      "sharpe_ratio": 2.1954253177198417,
      "annual_return": 71.87107531828929,
      "max_drawdown": -6.523860798642933,
      "return_pct": 44.41153890992962,
      "median_sharpe": 1.0520479706689896,
      "avg_sharpe": 1.1489335613349885,
      "win_rate": 1.0,
      "sharpe_std": 0.4259343392989468,
      "robustness_score": 1.3041857918261122
    },
    "notes": "全局稳健参数优化 (综合评分=1.3042)\n中位数夏普=1.0520, 平均夏普=1.1489, 胜率=100.0%, 稳定性(标准差)=0.4259"
  }
}